Country Name,Indicator_Name,Year,Value
Angola,malnutrition,2007,48.6
Angola,The world per capita GDP,2007,3121.995637
Albania,malnutrition,2007,10.3
Albania,The world per capita GDP,2007,3595.037163
Arab World,malnutrition,2007,10.49195115
Arab World,The world per capita GDP,2007,3595.037163
United Arab Emirates,malnutrition,2007,5.6
United Arab Emirates,The world per capita GDP,2007,41809.51638
Argentina,malnutrition,2007,4.2
Argentina,The world per capita GDP,2007,7245.448317
Armenia,malnutrition,2007,5.4
Armenia,The world per capita GDP,2007,3139.277499
Australia,malnutrition,2007,2.5
Australia,The world per capita GDP,2007,40960.05449
Austria,malnutrition,2007,2.5
Austria,The world per capita GDP,2007,46855.77175
Azerbaijan,malnutrition,2007,2.8
Azerbaijan,The world per capita GDP,2007,3851.437869
Belgium,malnutrition,2007,2.5
Belgium,The world per capita GDP,2007,44403.7669
Benin,malnutrition,2007,13.3
Benin,The world per capita GDP,2007,706.0533749
Burkina Faso,malnutrition,2007,23.6
Burkina Faso,The world per capita GDP,2007,475.1100122
Bangladesh,malnutrition,2007,16.3
Bangladesh,The world per capita GDP,2007,558.0518603
Bulgaria,malnutrition,2007,6.1
Bulgaria,The world per capita GDP,2007,5885.949252
Bosnia and Herzegovina,malnutrition,2007,2.8
Bosnia and Herzegovina,The world per capita GDP,2007,4193.373652
Belarus,malnutrition,2007,2.5
Belarus,The world per capita GDP,2007,4735.657608
Belize,malnutrition,2007,5.3
Belize,The world per capita GDP,2007,4315.834964
Bolivia,malnutrition,2007,28
Bolivia,The world per capita GDP,2007,1372.628225
Brazil,malnutrition,2007,3.2
Brazil,The world per capita GDP,2007,7348.030794
Barbados,malnutrition,2007,5.3
Barbados,The world per capita GDP,2007,16764.44205
Brunei Darussalam,malnutrition,2007,2.7
Brunei Darussalam,The world per capita GDP,2007,32663.56659
Botswana,malnutrition,2007,32.4
Botswana,The world per capita GDP,2007,5832.733942
Central African Republic,malnutrition,2007,35.6
Central African Republic,The world per capita GDP,2007,404.373965
Canada,malnutrition,2007,2.5
Canada,The world per capita GDP,2007,44543.04104
Central Europe and the Baltics,malnutrition,2007,2.940083114
Central Europe and the Baltics,The world per capita GDP,2007,12000.1004
Switzerland,malnutrition,2007,2.5
Switzerland,The world per capita GDP,2007,63555.2375
Chile,malnutrition,2007,3.9
Chile,The world per capita GDP,2007,10502.35452
China,malnutrition,2007,14.4
China,The world per capita GDP,2007,2693.969827
Cote d'Ivoire,malnutrition,2007,20.5
Cote d'Ivoire,The world per capita GDP,2007,1061.154064
Cameroon,malnutrition,2007,16.2
Cameroon,The world per capita GDP,2007,1194.06985
"Congo, Rep.",malnutrition,2007,42.2
"Congo, Rep.",The world per capita GDP,2007,2165.745759
Colombia,malnutrition,2007,9.3
Colombia,The world per capita GDP,2007,4703.213157
Cabo Verde,malnutrition,2007,14
Cabo Verde,The world per capita GDP,2007,3186.826892
Costa Rica,malnutrition,2007,5
Costa Rica,The world per capita GDP,2007,6071.789243
Caribbean small states,malnutrition,2007,8.611573831
Caribbean small states,The world per capita GDP,2007,8913.062335
Cuba,malnutrition,2007,2.5
Cuba,The world per capita GDP,2007,5208.716073
Cyprus,malnutrition,2007,5.1
Cyprus,The world per capita GDP,2007,31244.92801
Czech Republic,malnutrition,2007,2.5
Czech Republic,The world per capita GDP,2007,18373.649
Germany,malnutrition,2007,2.5
Germany,The world per capita GDP,2007,41814.8191
Djibouti,malnutrition,2007,25.6
Djibouti,The world per capita GDP,2007,1052.725652
Dominica,malnutrition,2007,5.1
Dominica,The world per capita GDP,2007,5952.056669
Denmark,malnutrition,2007,2.5
Denmark,The world per capita GDP,2007,58487.05497
Dominican Republic,malnutrition,2007,20.9
Dominican Republic,The world per capita GDP,2007,4729.664373
Algeria,malnutrition,2007,8
Algeria,The world per capita GDP,2007,3950.513605
East Asia & Pacific (excluding high income),malnutrition,2007,15.40556656
East Asia & Pacific (excluding high income),The world per capita GDP,2007,2458.850426
Early-demographic dividend,malnutrition,2007,17.00699627
Early-demographic dividend,The world per capita GDP,2007,2335.955204
East Asia & Pacific ,malnutrition,2007,14.03736503
East Asia & Pacific ,The world per capita GDP,2007,5648.005295
Europe & Central Asia (excluding high income),malnutrition,2007,3.595171914
Europe & Central Asia (excluding high income),The world per capita GDP,2007,6785.17075
Europe & Central Asia ,malnutrition,2007,3.008438021
Europe & Central Asia ,The world per capita GDP,2007,24140.43883
Ecuador,malnutrition,2007,15.6
Ecuador,The world per capita GDP,2007,3567.836438
"Egypt, Arab Rep.",malnutrition,2007,4.8
"Egypt, Arab Rep.",The world per capita GDP,2007,1667.843721
Euro area,malnutrition,2007,2.566069936
Euro area,The world per capita GDP,2007,38724.62304
Spain,malnutrition,2007,2.5
Spain,The world per capita GDP,2007,32709.40104
Estonia,malnutrition,2007,3.2
Estonia,The world per capita GDP,2007,16586.4052
Ethiopia,malnutrition,2007,37.2
Ethiopia,The world per capita GDP,2007,244.2860372
European Union,malnutrition,2007,2.598323249
European Union,The world per capita GDP,2007,35636.42072
Finland,malnutrition,2007,2.5
Finland,The world per capita GDP,2007,48288.5491
Fiji,malnutrition,2007,4.3
Fiji,The world per capita GDP,2007,4072.10157
France,malnutrition,2007,2.5
France,The world per capita GDP,2007,41508.43399
Gabon,malnutrition,2007,11.2
Gabon,The world per capita GDP,2007,8447.078591
United Kingdom,malnutrition,2007,2.5
United Kingdom,The world per capita GDP,2007,50293.44055
Georgia,malnutrition,2007,6.8
Georgia,The world per capita GDP,2007,2635.353882
Ghana,malnutrition,2007,7.3
Ghana,The world per capita GDP,2007,1078.160509
Guinea,malnutrition,2007,19.3
Guinea,The world per capita GDP,2007,659.992723
"Gambia, The",malnutrition,2007,12.9
"Gambia, The",The world per capita GDP,2007,487.1704917
Guinea-Bissau,malnutrition,2007,23.7
Guinea-Bissau,The world per capita GDP,2007,493.0704969
Greece,malnutrition,2007,2.5
Greece,The world per capita GDP,2007,28827.32636
Guatemala,malnutrition,2007,15.7
Guatemala,The world per capita GDP,2007,2489.948385
Guyana,malnutrition,2007,10.6
Guyana,The world per capita GDP,2007,2331.200342
High income,malnutrition,2007,2.807982038
High income,The world per capita GDP,2007,38341.16004
"Hong Kong SAR, China",malnutrition,2007,2.5
"Hong Kong SAR, China",The world per capita GDP,2007,30594.01784
Honduras,malnutrition,2007,15.7
Honduras,The world per capita GDP,2007,1572.064502
Heavily indebted poor countries (HIPC),malnutrition,2007,28.20076329
Heavily indebted poor countries (HIPC),The world per capita GDP,2007,614.5754217
Croatia,malnutrition,2007,2.5
Croatia,The world per capita GDP,2007,13948.69601
Haiti,malnutrition,2007,54.5
Haiti,The world per capita GDP,2007,619.8127742
Hungary,malnutrition,2007,2.5
Hungary,The world per capita GDP,2007,13907.50338
IBRD only,malnutrition,2007,13.58181117
IBRD only,The world per capita GDP,2007,3292.688282
IDA & IBRD total,malnutrition,2007,15.25426748
IDA & IBRD total,The world per capita GDP,2007,2729.921878
IDA total,malnutrition,2007,21.66566405
IDA total,The world per capita GDP,2007,846.1514606
IDA blend,malnutrition,2007,16.46580702
IDA blend,The world per capita GDP,2007,1272.083366
Indonesia,malnutrition,2007,18.8
Indonesia,The world per capita GDP,2007,1860.002763
IDA only,malnutrition,2007,24.7925065
IDA only,The world per capita GDP,2007,623.0209268
India,malnutrition,2007,19.2
India,The world per capita GDP,2007,1028.334759
Ireland,malnutrition,2007,2.5
Ireland,The world per capita GDP,2007,61359.74138
"Iran, Islamic Rep.",malnutrition,2007,6.5
"Iran, Islamic Rep.",The world per capita GDP,2007,4904.666252
Iceland,malnutrition,2007,2.5
Iceland,The world per capita GDP,2007,69054.2708
Israel,malnutrition,2007,2.5
Israel,The world per capita GDP,2007,24894.27768
Italy,malnutrition,2007,2.5
Italy,The world per capita GDP,2007,37698.78665
Jamaica,malnutrition,2007,7.7
Jamaica,The world per capita GDP,2007,4633.944386
Jordan,malnutrition,2007,7.1
Jordan,The world per capita GDP,2007,2735.38314
Japan,malnutrition,2007,2.5
Japan,The world per capita GDP,2007,35275.22843
Kazakhstan,malnutrition,2007,4.3
Kazakhstan,The world per capita GDP,2007,6771.414797
Kenya,malnutrition,2007,25.6
Kenya,The world per capita GDP,2007,825.6665976
Kyrgyz Republic,malnutrition,2007,10.2
Kyrgyz Republic,The world per capita GDP,2007,721.7686908
Cambodia,malnutrition,2007,18.8
Cambodia,The world per capita GDP,2007,631.5248421
Kiribati,malnutrition,2007,4.6
Kiribati,The world per capita GDP,2007,1374.452153
"Korea, Rep.",malnutrition,2007,2.5
"Korea, Rep.",The world per capita GDP,2007,23060.70788
Kuwait,malnutrition,2007,2.5
Kuwait,The world per capita GDP,2007,45782.83864
Latin America & Caribbean (excluding high income),malnutrition,2007,7.77359111
Latin America & Caribbean (excluding high income),The world per capita GDP,2007,6632.470321
Lao PDR,malnutrition,2007,24.7
Lao PDR,The world per capita GDP,2007,710.344815
Lebanon,malnutrition,2007,3.4
Lebanon,The world per capita GDP,2007,5217.471718
Liberia,malnutrition,2007,38.2
Liberia,The world per capita GDP,2007,396.6017613
Latin America & Caribbean,malnutrition,2007,7.704993676
Latin America & Caribbean,The world per capita GDP,2007,6922.367591
Least developed countries: UN classification,malnutrition,2007,26.56475172
Least developed countries: UN classification,The world per capita GDP,2007,606.093558
Low income,malnutrition,2007,29.87825619
Low income,The world per capita GDP,2007,501.4508832
Sri Lanka,malnutrition,2007,16.5
Sri Lanka,The world per capita GDP,2007,1630.388906
Lower middle income,malnutrition,2007,17.70188233
Lower middle income,The world per capita GDP,2007,1238.871477
Low & middle income,malnutrition,2007,15.47800083
Low & middle income,The world per capita GDP,2007,2625.251832
Lesotho,malnutrition,2007,12
Lesotho,The world per capita GDP,2007,863.7796315
Late-demographic dividend,malnutrition,2007,11.65890633
Late-demographic dividend,The world per capita GDP,2007,4375.743129
Lithuania,malnutrition,2007,2.5
Lithuania,The world per capita GDP,2007,12297.91535
Luxembourg,malnutrition,2007,2.5
Luxembourg,The world per capita GDP,2007,106018.4928
Latvia,malnutrition,2007,2.5
Latvia,The world per capita GDP,2007,14044.01589
"Macao SAR, China",malnutrition,2007,13.8
"Macao SAR, China",The world per capita GDP,2007,36352.91846
Morocco,malnutrition,2007,5.5
Morocco,The world per capita GDP,2007,2499.259938
Madagascar,malnutrition,2007,32.4
Madagascar,The world per capita GDP,2007,377.8481567
Maldives,malnutrition,2007,17
Maldives,The world per capita GDP,2007,5574.451876
Middle East & North Africa,malnutrition,2007,9.449135952
Middle East & North Africa,The world per capita GDP,2007,5867.603047
Mexico,malnutrition,2007,4.7
Mexico,The world per capita GDP,2007,9642.680605
Middle income,malnutrition,2007,14.26573162
Middle income,The world per capita GDP,2007,2851.114519
North Macedonia,malnutrition,2007,4.5
North Macedonia,The world per capita GDP,2007,4036.20277
Mali,malnutrition,2007,8.6
Mali,The world per capita GDP,2007,596.6901888
Malta,malnutrition,2007,2.5
Malta,The world per capita GDP,2007,19375.5696
Myanmar,malnutrition,2007,24.9
Myanmar,The world per capita GDP,2007,406.7286892
Middle East & North Africa (excluding high income),malnutrition,2007,9.941656371
Middle East & North Africa (excluding high income),The world per capita GDP,2007,3178.772355
Mongolia,malnutrition,2007,26.6
Mongolia,The world per capita GDP,2007,1632.726952
Mozambique,malnutrition,2007,34.5
Mozambique,The world per capita GDP,2007,432.1785512
Mauritania,malnutrition,2007,10.2
Mauritania,The world per capita GDP,2007,1048.162138
Mauritius,malnutrition,2007,5
Mauritius,The world per capita GDP,2007,6574.654338
Malawi,malnutrition,2007,23.2
Malawi,The world per capita GDP,2007,332.2591444
Malaysia,malnutrition,2007,4.2
Malaysia,The world per capita GDP,2007,7243.455987
North America,malnutrition,2007,2.5
North America,The world per capita GDP,2007,47646.43886
Namibia,malnutrition,2007,29.5
Namibia,The world per capita GDP,2007,4356.244512
Niger,malnutrition,2007,13.5
Niger,The world per capita GDP,2007,292.2197341
Nigeria,malnutrition,2007,6
Nigeria,The world per capita GDP,2007,1883.461311
Nicaragua,malnutrition,2007,22.6
Nicaragua,The world per capita GDP,2007,1327.96143
Netherlands,malnutrition,2007,2.5
Netherlands,The world per capita GDP,2007,51733.44213
Norway,malnutrition,2007,2.5
Norway,The world per capita GDP,2007,85170.86217
Nepal,malnutrition,2007,14
Nepal,The world per capita GDP,2007,391.3801314
New Zealand,malnutrition,2007,2.5
New Zealand,The world per capita GDP,2007,32510.0827
OECD members,malnutrition,2007,2.732253122
OECD members,The world per capita GDP,2007,35371.37606
Oman,malnutrition,2007,8.3
Oman,The world per capita GDP,2007,15838.46561
Other small states,malnutrition,2007,16.55324411
Other small states,The world per capita GDP,2007,11025.50219
Pakistan,malnutrition,2007,21.7
Pakistan,The world per capita GDP,2007,908.0950906
Panama,malnutrition,2007,18.3
Panama,The world per capita GDP,2007,6166.180721
Peru,malnutrition,2007,15.7
Peru,The world per capita GDP,2007,3606.070435
Philippines,malnutrition,2007,14.1
Philippines,The world per capita GDP,2007,1670.590155
Poland,malnutrition,2007,2.5
Poland,The world per capita GDP,2007,11255.4367
Pre-demographic dividend,malnutrition,2007,22.12962968
Pre-demographic dividend,The world per capita GDP,2007,1121.964093
Portugal,malnutrition,2007,2.5
Portugal,The world per capita GDP,2007,22780.05845
Paraguay,malnutrition,2007,12.6
Paraguay,The world per capita GDP,2007,2976.825503
Pacific island small states,malnutrition,2007,6.321656272
Pacific island small states,The world per capita GDP,2007,2855.898095
Post-demographic dividend,malnutrition,2007,2.533013462
Post-demographic dividend,The world per capita GDP,2007,38638.72557
Romania,malnutrition,2007,2.5
Romania,The world per capita GDP,2007,8360.166321
Russian Federation,malnutrition,2007,2.5
Russian Federation,The world per capita GDP,2007,9101.256706
Rwanda,malnutrition,2007,
Rwanda,The world per capita GDP,2007,410.99572
South Asia,malnutrition,2007,19.21639023
South Asia,The world per capita GDP,2007,959.3228499
Saudi Arabia,malnutrition,2007,7.7
Saudi Arabia,The world per capita GDP,2007,16516.62362
Senegal,malnutrition,2007,16.9
Senegal,The world per capita GDP,2007,1222.372918
Solomon Islands,malnutrition,2007,11.2
Solomon Islands,The world per capita GDP,2007,1048.650015
Sierra Leone,malnutrition,2007,32.2
Sierra Leone,The world per capita GDP,2007,360.3721418
El Salvador,malnutrition,2007,11
El Salvador,The world per capita GDP,2007,2786.157922
Sub-Saharan Africa (excluding high income),malnutrition,2007,22.20245075
Sub-Saharan Africa (excluding high income),The world per capita GDP,2007,1316.415293
Sub-Saharan Africa,malnutrition,2007,22.20245075
Sub-Saharan Africa,The world per capita GDP,2007,1317.569308
Small states,malnutrition,2007,14.11681031
Small states,The world per capita GDP,2007,10063.04002
Suriname,malnutrition,2007,9.7
Suriname,The world per capita GDP,2007,5744.424776
Slovak Republic,malnutrition,2007,5.9
Slovak Republic,The world per capita GDP,2007,16057.73314
Slovenia,malnutrition,2007,2.5
Slovenia,The world per capita GDP,2007,23841.31792
Sweden,malnutrition,2007,2.5
Sweden,The world per capita GDP,2007,53387.94062
Eswatini,malnutrition,2007,21.2
Eswatini,The world per capita GDP,2007,3327.441943
Chad,malnutrition,2007,40.3
Chad,The world per capita GDP,2007,798.5480013
East Asia & Pacific (IDA & IBRD countries),malnutrition,2007,15.10019877
East Asia & Pacific (IDA & IBRD countries),The world per capita GDP,2007,2485.318296
Europe & Central Asia (IDA & IBRD countries),malnutrition,2007,3.485569237
Europe & Central Asia (IDA & IBRD countries),The world per capita GDP,2007,7246.46438
Togo,malnutrition,2007,23.9
Togo,The world per capita GDP,2007,449.1442328
Thailand,malnutrition,2007,10.3
Thailand,The world per capita GDP,2007,3973.019618
Tajikistan,malnutrition,2007,4.4
Tajikistan,The world per capita GDP,2007,526.6429154
Latin America & the Caribbean (IDA & IBRD countries),malnutrition,2007,7.81196356
Latin America & the Caribbean (IDA & IBRD countries),The world per capita GDP,2007,6801.772039
Timor-Leste,malnutrition,2007,31.5
Timor-Leste,The world per capita GDP,2007,2779.875017
Middle East & North Africa (IDA & IBRD countries),malnutrition,2007,9.941656371
Middle East & North Africa (IDA & IBRD countries),The world per capita GDP,2007,3196.903128
Sub-Saharan Africa (IDA & IBRD countries),malnutrition,2007,22.20245075
Sub-Saharan Africa (IDA & IBRD countries),The world per capita GDP,2007,1317.569308
Trinidad and Tobago,malnutrition,2007,10.7
Trinidad and Tobago,The world per capita GDP,2007,16539.87811
Tunisia,malnutrition,2007,5.4
Tunisia,The world per capita GDP,2007,3775.75001
Turkey,malnutrition,2007,2.5
Turkey,The world per capita GDP,2007,9711.873594
Tanzania,malnutrition,2007,33.2
Tanzania,The world per capita GDP,2007,552.8395296
Uganda,malnutrition,2007,28.1
Uganda,The world per capita GDP,2007,416.8986194
Ukraine,malnutrition,2007,2.5
Ukraine,The world per capita GDP,2007,3065.611623
Upper middle income,malnutrition,2007,10.71683467
Upper middle income,The world per capita GDP,2007,4541.514267
Uruguay,malnutrition,2007,3.5
Uruguay,The world per capita GDP,2007,7026.511491
United States,malnutrition,2007,2.5
United States,The world per capita GDP,2007,47975.96768
Uzbekistan,malnutrition,2007,11.1
Uzbekistan,The world per capita GDP,2007,830.4076942
St. Vincent and the Grenadines,malnutrition,2007,7.8
St. Vincent and the Grenadines,The world per capita GDP,2007,6307.214096
Vietnam,malnutrition,2007,16.7
Vietnam,The world per capita GDP,2007,906.2841981
Vanuatu,malnutrition,2007,6.1
Vanuatu,The world per capita GDP,2007,2398.612625
World,malnutrition,2007,13.1
World,The world per capita GDP,2007,8684.285805
Samoa,malnutrition,2007,3.6
Samoa,The world per capita GDP,2007,3026.546343
"Yemen, Rep.",malnutrition,2007,27.6
"Yemen, Rep.",The world per capita GDP,2007,1017.292001
South Africa,malnutrition,2007,4.6
South Africa,The world per capita GDP,2007,6095.652721
Zambia,malnutrition,2007,53.5
Zambia,The world per capita GDP,2007,1124.290586
Zimbabwe,malnutrition,2007,42.6
Zimbabwe,The world per capita GDP,2007,431.7871883
Angola,malnutrition,2010,40.4
Angola,The world per capita GDP,2010,3587.883798
Albania,malnutrition,2010,7.4
Albania,The world per capita GDP,2010,4094.358816
Arab World,malnutrition,2010,9.596599773
Arab World,The world per capita GDP,2010,5945.678558
United Arab Emirates,malnutrition,2010,5.9
United Arab Emirates,The world per capita GDP,2010,33893.30351
Argentina,malnutrition,2010,4
Argentina,The world per capita GDP,2010,10385.96443
Armenia,malnutrition,2010,5.5
Armenia,The world per capita GDP,2010,3218.372707
Australia,malnutrition,2010,2.5
Australia,The world per capita GDP,2010,Australia
Austria,malnutrition,2010,2.5
Austria,The world per capita GDP,2010,46858.04327
Azerbaijan,malnutrition,2010,2.5
Azerbaijan,The world per capita GDP,2010,5842.805784
Belgium,malnutrition,2010,2.5
Belgium,The world per capita GDP,2010,44380.17663
Benin,malnutrition,2010,11.8
Benin,The world per capita GDP,2010,757.6959074
Burkina Faso,malnutrition,2010,20.1
Burkina Faso,The world per capita GDP,2010,575.4464527
Bangladesh,malnutrition,2010,16.9
Bangladesh,The world per capita GDP,2010,781.1535936
Bulgaria,malnutrition,2010,5.6
Bulgaria,The world per capita GDP,2010,6843.26695
Bosnia and Herzegovina,malnutrition,2010,2.5
Bosnia and Herzegovina,The world per capita GDP,2010,4635.517779
Belarus,malnutrition,2010,2.5
Belarus,The world per capita GDP,2010,6181.399916
Belize,malnutrition,2010,5.6
Belize,The world per capita GDP,2010,4331.434517
Bolivia,malnutrition,2010,26.5
Bolivia,The world per capita GDP,2010,1955.461557
Brazil,malnutrition,2010,2.5
Brazil,The world per capita GDP,2010,11286.24302
Barbados,malnutrition,2010,5
Barbados,The world per capita GDP,2010,16056.01653
Brunei Darussalam,malnutrition,2010,3.1
Brunei Darussalam,The world per capita GDP,2010,35269.55311
Botswana,malnutrition,2010,28.5
Botswana,The world per capita GDP,2010,6434.815657
Central African Republic,malnutrition,2010,32
Central African Republic,The world per capita GDP,2010,487.9453833
Canada,malnutrition,2010,2.5
Canada,The world per capita GDP,2010,47450.31847
Central Europe and the Baltics,malnutrition,2010,2.813767676
Central Europe and the Baltics,The world per capita GDP,2010,12567.405
Switzerland,malnutrition,2010,2.5
Switzerland,The world per capita GDP,2010,74605.72102
Chile,malnutrition,2010,4.2
Chile,The world per capita GDP,2010,12808.03459
China,malnutrition,2010,12
China,The world per capita GDP,2010,4550.453596
Cote d'Ivoire,malnutrition,2010,21.9
Cote d'Ivoire,The world per capita GDP,2010,1211.930285
Cameroon,malnutrition,2010,11.5
Cameroon,The world per capita GDP,2010,1285.261726
"Congo, Rep.",malnutrition,2010,40.5
"Congo, Rep.",The world per capita GDP,2010,2809.694957
Colombia,malnutrition,2010,11.1
Colombia,The world per capita GDP,2010,6326.549469
Cabo Verde,malnutrition,2010,15.3
Cabo Verde,The world per capita GDP,2010,3378.25486
Costa Rica,malnutrition,2010,5.2
Costa Rica,The world per capita GDP,2010,8141.913599
Caribbean small states,malnutrition,2010,8.776032568
Caribbean small states,The world per capita GDP,2010,9075.706457
Cuba,malnutrition,2010,2.5
Cuba,The world per capita GDP,2010,5730.354775
Cyprus,malnutrition,2010,4.3
Cyprus,The world per capita GDP,2010,30818.47993
Czech Republic,malnutrition,2010,2.5
Czech Republic,The world per capita GDP,2010,19808.07109
Germany,malnutrition,2010,2.5
Germany,The world per capita GDP,2010,41785.55691
Djibouti,malnutrition,2010,22.3
Djibouti,The world per capita GDP,2010,1343.26873
Dominica,malnutrition,2010,5.2
Dominica,The world per capita GDP,2010,6967.245314
Denmark,malnutrition,2010,2.5
Denmark,The world per capita GDP,2010,58041.39844
Dominican Republic,malnutrition,2010,16.5
Dominican Republic,The world per capita GDP,2010,5568.046676
Algeria,malnutrition,2010,6.3
Algeria,The world per capita GDP,2010,4480.785777
East Asia & Pacific (excluding high income),malnutrition,2010,12.67423727
East Asia & Pacific (excluding high income),The world per capita GDP,2010,4002.599653
Early-demographic dividend,malnutrition,2010,15.16925125
Early-demographic dividend,The world per capita GDP,2010,2938.879732
East Asia & Pacific ,malnutrition,2010,11.61055992
East Asia & Pacific ,The world per capita GDP,2010,7673.741646
Europe & Central Asia (excluding high income),malnutrition,2010,3.362865525
Europe & Central Asia (excluding high income),The world per capita GDP,2010,7773.169715
Europe & Central Asia ,malnutrition,2010,2.894011561
Europe & Central Asia ,The world per capita GDP,2010,23572.57527
Ecuador,malnutrition,2010,10.7
Ecuador,The world per capita GDP,2010,4633.590358
"Egypt, Arab Rep.",malnutrition,2010,4.5
"Egypt, Arab Rep.",The world per capita GDP,2010,2644.817039
Euro area,malnutrition,2010,2.535223464
Euro area,The world per capita GDP,2010,37635.97189
Spain,malnutrition,2010,2.5
Spain,The world per capita GDP,2010,30736.62785
Estonia,malnutrition,2010,2.6
Estonia,The world per capita GDP,2010,14638.60482
Ethiopia,malnutrition,2010,32.1
Ethiopia,The world per capita GDP,2010,341.5541149
European Union,malnutrition,2010,2.56894083
European Union,The world per capita GDP,2010,33729.24065
Finland,malnutrition,2010,2.5
Finland,The world per capita GDP,2010,46202.41516
Fiji,malnutrition,2010,4.5
Fiji,The world per capita GDP,2010,3652.527437
France,malnutrition,2010,2.5
France,The world per capita GDP,2010,40638.334
Gabon,malnutrition,2010,10.8
Gabon,The world per capita GDP,2010,8840.730664
United Kingdom,malnutrition,2010,2.5
United Kingdom,The world per capita GDP,2010,39079.84261
Georgia,malnutrition,2010,7.7
Georgia,The world per capita GDP,2010,3073.524753
Ghana,malnutrition,2010,5.3
Ghana,The world per capita GDP,2010,1298.436952
Guinea,malnutrition,2010,17.6
Guinea,The world per capita GDP,2010,672.4244026
"Gambia, The",malnutrition,2010,9.3
"Gambia, The",The world per capita GDP,2010,530.7876934
Guinea-Bissau,malnutrition,2010,22.2
Guinea-Bissau,The world per capita GDP,2010,557.6321326
Greece,malnutrition,2010,2.5
Greece,The world per capita GDP,2010,26917.75898
Guatemala,malnutrition,2010,15.8
Guatemala,The world per capita GDP,2010,2825.519029
Guyana,malnutrition,2010,11.2
Guyana,The world per capita GDP,2010,3033.247725
High income,malnutrition,2010,2.775713834
High income,The world per capita GDP,2010,39169.92484
"Hong Kong SAR, China",malnutrition,2010,2.5
"Hong Kong SAR, China",The world per capita GDP,2010,32549.99823
Honduras,malnutrition,2010,15.2
Honduras,The world per capita GDP,2010,1891.157395
Heavily indebted poor countries (HIPC),malnutrition,2010,25.78250722
Heavily indebted poor countries (HIPC),The world per capita GDP,2010,759.4144019
Croatia,malnutrition,2010,2.5
Croatia,The world per capita GDP,2010,13937.14227
Haiti,malnutrition,2010,49.5
Haiti,The world per capita GDP,2010,665.6274195
Hungary,malnutrition,2010,2.5
Hungary,The world per capita GDP,2010,13092.23376
IBRD only,malnutrition,2010,11.81807248
IBRD only,The world per capita GDP,2010,4520.904795
IDA & IBRD total,malnutrition,2010,13.57816788
IDA & IBRD total,The world per capita GDP,2010,3702.821785
IDA total,malnutrition,2010,20.07658827
IDA total,The world per capita GDP,2010,1068.2047
IDA blend,malnutrition,2010,15.63330366
IDA blend,The world per capita GDP,2010,1537.548633
Indonesia,malnutrition,2010,13.3
Indonesia,The world per capita GDP,2010,3122.362815
IDA only,malnutrition,2010,22.76937737
IDA only,The world per capita GDP,2010,823.4779359
India,malnutrition,2010,17.5
India,The world per capita GDP,2010,1357.563701
Ireland,malnutrition,2010,2.5
Ireland,The world per capita GDP,2010,48715.17686
"Iran, Islamic Rep.",malnutrition,2010,5.8
"Iran, Islamic Rep.",The world per capita GDP,2010,6603.212269
Iceland,malnutrition,2010,2.5
Iceland,The world per capita GDP,2010,43024.92384
Israel,malnutrition,2010,2.5
Israel,The world per capita GDP,2010,30659.12775
Italy,malnutrition,2010,2.5
Italy,The world per capita GDP,2010,35849.3732
Jamaica,malnutrition,2010,8.8
Jamaica,The world per capita GDP,2010,4696.841894
Jordan,malnutrition,2010,8.2
Jordan,The world per capita GDP,2010,3656.453675
Japan,malnutrition,2010,2.5
Japan,The world per capita GDP,2010,44507.67639
Kazakhstan,malnutrition,2010,3.1
Kazakhstan,The world per capita GDP,2010,9070.488253
Kenya,malnutrition,2010,23.5
Kenya,The world per capita GDP,2010,951.6879611
Kyrgyz Republic,malnutrition,2010,8.3
Kyrgyz Republic,The world per capita GDP,2010,880.0377751
Cambodia,malnutrition,2010,18.8
Cambodia,The world per capita GDP,2010,785.5022829
Kiribati,malnutrition,2010,3.7
Kiribati,The world per capita GDP,2010,1516.811869
"Korea, Rep.",malnutrition,2010,2.5
"Korea, Rep.",The world per capita GDP,2010,22086.95292
Kuwait,malnutrition,2010,2.5
Kuwait,The world per capita GDP,2010,38577.38166
Latin America & Caribbean (excluding high income),malnutrition,2010,6.962666756
Latin America & Caribbean (excluding high income),The world per capita GDP,2010,8760.299195
Lao PDR,malnutrition,2010,21.1
Lao PDR,The world per capita GDP,2010,1140.599205
Lebanon,malnutrition,2010,4.5
Lebanon,The world per capita GDP,2010,7756.744069
Liberia,malnutrition,2010,36.5
Liberia,The world per capita GDP,2010,513.4456986
Latin America & Caribbean,malnutrition,2010,6.900370319
Latin America & Caribbean,The world per capita GDP,2010,9058.33022
Least developed countries: UN classification,malnutrition,2010,24.24726828
Least developed countries: UN classification,The world per capita GDP,2010,804.0226443
Low income,malnutrition,2010,27.55301379
Low income,The world per capita GDP,2010,638.2310085
Sri Lanka,malnutrition,2010,13.8
Sri Lanka,The world per capita GDP,2010,2799.648876
Lower middle income,malnutrition,2010,15.87792769
Lower middle income,The world per capita GDP,2010,1659.708394
Low & middle income,malnutrition,2010,13.80070973
Low & middle income,The world per capita GDP,2010,3588.572251
Lesotho,malnutrition,2010,12.7
Lesotho,The world per capita GDP,2010,1183.42153
Late-demographic dividend,malnutrition,2010,9.945843306
Late-demographic dividend,The world per capita GDP,2010,6190.076866
Lithuania,malnutrition,2010,2.5
Lithuania,The world per capita GDP,2010,11984.86857
Luxembourg,malnutrition,2010,2.5
Luxembourg,The world per capita GDP,2010,104965.3061
Latvia,malnutrition,2010,2.5
Latvia,The world per capita GDP,2010,11326.21947
"Macao SAR, China",malnutrition,2010,13.7
"Macao SAR, China",The world per capita GDP,2010,52253.15531
Morocco,malnutrition,2010,5.2
Morocco,The world per capita GDP,2010,2839.925168
Madagascar,malnutrition,2010,31.8
Madagascar,The world per capita GDP,2010,412.7309341
Maldives,malnutrition,2010,11.7
Maldives,The world per capita GDP,2010,7076.662423
Middle East & North Africa,malnutrition,2010,8.651409861
Middle East & North Africa,The world per capita GDP,2010,7172.828684
Mexico,malnutrition,2010,4.6
Mexico,The world per capita GDP,2010,9271.398233
Middle income,malnutrition,2010,12.5927018
Middle income,The world per capita GDP,2010,3916.58872
North Macedonia,malnutrition,2010,4.4
North Macedonia,The world per capita GDP,2010,4542.899717
Mali,malnutrition,2010,6.9
Mali,The world per capita GDP,2010,709.5819646
Malta,malnutrition,2010,2.5
Malta,The world per capita GDP,2010,21087.79469
Myanmar,malnutrition,2010,16.9
Myanmar,The world per capita GDP,2010,979.05163
Middle East & North Africa (excluding high income),malnutrition,2010,9.135563871
Middle East & North Africa (excluding high income),The world per capita GDP,2010,4157.876099
Mongolia,malnutrition,2010,20.8
Mongolia,The world per capita GDP,2010,2643.292914
Mozambique,malnutrition,2010,28.5
Mozambique,The world per capita GDP,2010,431.5154715
Mauritania,malnutrition,2010,8.2
Mauritania,The world per capita GDP,2010,1241.428756
Mauritius,malnutrition,2010,4.8
Mauritius,The world per capita GDP,2010,8000.376432
Malawi,malnutrition,2010,21.8
Malawi,The world per capita GDP,2010,478.6685897
Malaysia,malnutrition,2010,3.7
Malaysia,The world per capita GDP,2010,9040.566251
North America,malnutrition,2010,2.5
North America,The world per capita GDP,2010,48373.70037
Namibia,malnutrition,2010,37.4
Namibia,The world per capita GDP,2010,5324.61704
Niger,malnutrition,2010,11.3
Niger,The world per capita GDP,2010,347.3430407
Nigeria,malnutrition,2010,6.2
Nigeria,The world per capita GDP,2010,2292.445156
Nicaragua,malnutrition,2010,20.9
Nicaragua,The world per capita GDP,2010,1503.867544
Netherlands,malnutrition,2010,2.5
Netherlands,The world per capita GDP,2010,50950.03434
Norway,malnutrition,2010,2.5
Norway,The world per capita GDP,2010,87770.26684
Nepal,malnutrition,2010,10.1
Nepal,The world per capita GDP,2010,592.4010975
New Zealand,malnutrition,2010,2.5
New Zealand,The world per capita GDP,2010,33692.01083
OECD members,malnutrition,2010,2.724130325
OECD members,The world per capita GDP,2010,35981.44719
Oman,malnutrition,2010,5.6
Oman,The world per capita GDP,2010,19281.16563
Other small states,malnutrition,2010,16.4715328
Other small states,The world per capita GDP,2010,12462.89184
Pakistan,malnutrition,2010,21.1
Pakistan,The world per capita GDP,2010,988.7541283
Panama,malnutrition,2010,13.2
Panama,The world per capita GDP,2010,8082.028459
Peru,malnutrition,2010,11.2
Peru,The world per capita GDP,2010,5082.354757
Philippines,malnutrition,2010,13.3
Philippines,The world per capita GDP,2010,2124.05677
Poland,malnutrition,2010,2.5
Poland,The world per capita GDP,2010,12599.53358
Pre-demographic dividend,malnutrition,2010,20.67660717
Pre-demographic dividend,The world per capita GDP,2010,1386.538922
Portugal,malnutrition,2010,2.5
Portugal,The world per capita GDP,2010,22538.65408
Paraguay,malnutrition,2010,12.2
Paraguay,The world per capita GDP,2010,4355.934939
Pacific island small states,malnutrition,2010,6.206304901
Pacific island small states,The world per capita GDP,2010,2897.483969
Post-demographic dividend,malnutrition,2010,2.527727032
Post-demographic dividend,The world per capita GDP,2010,39509.7953
Romania,malnutrition,2010,2.5
Romania,The world per capita GDP,2010,8209.919456
Russian Federation,malnutrition,2010,2.5
Russian Federation,The world per capita GDP,2010,10674.9972
Rwanda,malnutrition,2010,34
Rwanda,The world per capita GDP,2010,576.049201
South Asia,malnutrition,2010,17.75312707
South Asia,The world per capita GDP,2010,1257.66949
Saudi Arabia,malnutrition,2010,7
Saudi Arabia,The world per capita GDP,2010,19262.54768
Senegal,malnutrition,2010,13.1
Senegal,The world per capita GDP,2010,1278.977754
Solomon Islands,malnutrition,2010,10.6
Solomon Islands,The world per capita GDP,2010,1290.398779
Sierra Leone,malnutrition,2010,27
Sierra Leone,The world per capita GDP,2010,401.8350014
El Salvador,malnutrition,2010,12.4
El Salvador,The world per capita GDP,2010,2983.229771
Sub-Saharan Africa (excluding high income),malnutrition,2010,20.59492949
Sub-Saharan Africa (excluding high income),The world per capita GDP,2010,1575.222758
Sub-Saharan Africa,malnutrition,2010,20.59492949
Sub-Saharan Africa,The world per capita GDP,2010,1576.176004
Small states,malnutrition,2010,14.11876676
Small states,The world per capita GDP,2010,11191.49531
Suriname,malnutrition,2010,8
Suriname,The world per capita GDP,2010,8255.796859
Slovak Republic,malnutrition,2010,4.3
Slovak Republic,The world per capita GDP,2010,16600.61359
Slovenia,malnutrition,2010,2.5
Slovenia,The world per capita GDP,2010,23437.47202
Sweden,malnutrition,2010,2.5
Sweden,The world per capita GDP,2010,52132.91853
Eswatini,malnutrition,2010,23.2
Eswatini,The world per capita GDP,2010,4168.505062
Chad,malnutrition,2010,40
Chad,The world per capita GDP,2010,891.6988174
East Asia & Pacific (IDA & IBRD countries),malnutrition,2010,12.3044904
East Asia & Pacific (IDA & IBRD countries),The world per capita GDP,2010,4045.411068
Europe & Central Asia (IDA & IBRD countries),malnutrition,2010,3.277561009
Europe & Central Asia (IDA & IBRD countries),The world per capita GDP,2010,8249.422465
Togo,malnutrition,2010,21
Togo,The world per capita GDP,2010,533.508792
Thailand,malnutrition,2010,9.2
Thailand,The world per capita GDP,2010,5076.342992
Tajikistan,malnutrition,2010,4.8
Tajikistan,The world per capita GDP,2010,749.552711
Latin America & the Caribbean (IDA & IBRD countries),malnutrition,2010,6.987400597
Latin America & the Caribbean (IDA & IBRD countries),The world per capita GDP,2010,8974.007984
Timor-Leste,malnutrition,2010,29.2
Timor-Leste,The world per capita GDP,2010,3656.952175
Middle East & North Africa (IDA & IBRD countries),malnutrition,2010,9.135563871
Middle East & North Africa (IDA & IBRD countries),The world per capita GDP,2010,4178.685372
Sub-Saharan Africa (IDA & IBRD countries),malnutrition,2010,20.59492949
Sub-Saharan Africa (IDA & IBRD countries),The world per capita GDP,2010,1576.176004
Trinidad and Tobago,malnutrition,2010,9.6
Trinidad and Tobago,The world per capita GDP,2010,16683.35538
Tunisia,malnutrition,2010,4.8
Tunisia,The world per capita GDP,2010,4141.976353
Turkey,malnutrition,2010,2.5
Turkey,The world per capita GDP,2010,10672.38925
Tanzania,malnutrition,2010,34.6
Tanzania,The world per capita GDP,2010,743.4037847
Uganda,malnutrition,2010,30.9
Uganda,The world per capita GDP,2010,622.4988457
Ukraine,malnutrition,2010,2.5
Ukraine,The world per capita GDP,2010,2965.142365
Upper middle income,malnutrition,2010,9.11249987
Upper middle income,The world per capita GDP,2010,6344.152969
Uruguay,malnutrition,2010,2.5
Uruguay,The world per capita GDP,2010,11992.01663
United States,malnutrition,2010,2.5
United States,The world per capita GDP,2010,48466.82338
Uzbekistan,malnutrition,2010,9
Uzbekistan,The world per capita GDP,2010,1377.08214
St. Vincent and the Grenadines,malnutrition,2010,6.7
St. Vincent and the Grenadines,The world per capita GDP,2010,6292.789829
Vietnam,malnutrition,2010,13.6
Vietnam,The world per capita GDP,2010,1317.890706
Vanuatu,malnutrition,2010,5.9
Vanuatu,The world per capita GDP,2010,2966.857116
World,malnutrition,2010,11.9
World,The world per capita GDP,2010,9538.846778
Samoa,malnutrition,2010,3.4
Samoa,The world per capita GDP,2010,3458.188715
"Yemen, Rep.",malnutrition,2010,25.7
"Yemen, Rep.",The world per capita GDP,2010,1334.784845
South Africa,malnutrition,2010,4.4
South Africa,The world per capita GDP,2010,7328.593646
Zambia,malnutrition,2010,50
Zambia,The world per capita GDP,2010,1489.45907
Zimbabwe,malnutrition,2010,41.9
Zimbabwe,The world per capita GDP,2010,948.3318545
Angola,malnutrition,2013,31.2
Angola,The world per capita GDP,2013,5254.882338
Albania,malnutrition,2013,5.8
Albania,The world per capita GDP,2013,4413.082887
Arab World,malnutrition,2013,10.83226921
Arab World,The world per capita GDP,2013,7551.282834
United Arab Emirates,malnutrition,2013,4.4
United Arab Emirates,The world per capita GDP,2013,42412.63028
Argentina,malnutrition,2013,3.5
Argentina,The world per capita GDP,2013,13080.25473
Armenia,malnutrition,2013,4.4
Armenia,The world per capita GDP,2013,3838.185801
Australia,malnutrition,2013,2.5
Australia,The world per capita GDP,2013,68150.10704
Austria,malnutrition,2013,2.5
Austria,The world per capita GDP,2013,50716.70871
Azerbaijan,malnutrition,2013,2.5
Azerbaijan,The world per capita GDP,2013,7875.756953
Belgium,malnutrition,2013,2.5
Belgium,The world per capita GDP,2013,46680.38982
Benin,malnutrition,2013,10.2
Benin,The world per capita GDP,2013,915.3156212
Burkina Faso,malnutrition,2013,20.1
Burkina Faso,The world per capita GDP,2013,699.7794056
Bangladesh,malnutrition,2013,16.6
Bangladesh,The world per capita GDP,2013,981.8398792
Bulgaria,malnutrition,2013,5
Bulgaria,The world per capita GDP,2013,7646.839866
Bosnia and Herzegovina,malnutrition,2013,2.5
Bosnia and Herzegovina,The world per capita GDP,2013,5131.394506
Belarus,malnutrition,2013,2.5
Belarus,The world per capita GDP,2013,7978.872615
Belize,malnutrition,2013,7.1
Belize,The world per capita GDP,2013,4652.509003
Bolivia,malnutrition,2013,21.1
Bolivia,The world per capita GDP,2013,2908.200085
Brazil,malnutrition,2013,2.5
Brazil,The world per capita GDP,2013,12300.32258
Barbados,malnutrition,2013,4.3
Barbados,The world per capita GDP,2013,16224.28736
Brunei Darussalam,malnutrition,2013,2.7
Brunei Darussalam,The world per capita GDP,2013,44740.08502
Botswana,malnutrition,2013,24.9
Botswana,The world per capita GDP,2013,7224.965172
Central African Republic,malnutrition,2013,44.6
Central African Republic,The world per capita GDP,2013,382.3403002
Canada,malnutrition,2013,2.5
Canada,The world per capita GDP,2013,52504.6557
Central Europe and the Baltics,malnutrition,2013,2.750603248
Central Europe and the Baltics,The world per capita GDP,2013,13710.08062
Switzerland,malnutrition,2013,2.5
Switzerland,The world per capita GDP,2013,85112.4644
Chile,malnutrition,2013,3.7
Chile,The world per capita GDP,2013,15842.94009
China,malnutrition,2013,9.9
China,The world per capita GDP,2013,7050.64592
Cote d'Ivoire,malnutrition,2013,21.4
Cote d'Ivoire,The world per capita GDP,2013,1415.469277
Cameroon,malnutrition,2013,8
Cameroon,The world per capita GDP,2013,1465.222327
"Congo, Rep.",malnutrition,2013,38.7
"Congo, Rep.",The world per capita GDP,2013,3047.064589
Colombia,malnutrition,2013,8.6
Colombia,The world per capita GDP,2013,8212.667829
Cabo Verde,malnutrition,2013,14.2
Cabo Verde,The world per capita GDP,2013,3615.979041
Costa Rica,malnutrition,2013,5.5
Costa Rica,The world per capita GDP,2013,10490.08065
Caribbean small states,malnutrition,2013,8.168767826
Caribbean small states,The world per capita GDP,2013,10090.02734
Cuba,malnutrition,2013,2.5
Cuba,The world per capita GDP,2013,6837.712892
Cyprus,malnutrition,2013,5.4
Cyprus,The world per capita GDP,2013,27942.30127
Czech Republic,malnutrition,2013,2.5
Czech Republic,The world per capita GDP,2013,19916.01939
Germany,malnutrition,2013,2.5
Germany,The world per capita GDP,2013,46530.91143
Djibouti,malnutrition,2013,19.3
Djibouti,The world per capita GDP,2013,1499.767022
Dominica,malnutrition,2013,6.2
Dominica,The world per capita GDP,2013,7068.535745
Denmark,malnutrition,2013,2.5
Denmark,The world per capita GDP,2013,61191.1937
Dominican Republic,malnutrition,2013,13
Dominican Republic,The world per capita GDP,2013,6236.104369
Algeria,malnutrition,2013,4.5
Algeria,The world per capita GDP,2013,5499.587764
East Asia & Pacific (excluding high income),malnutrition,2013,10.50178327
East Asia & Pacific (excluding high income),The world per capita GDP,2013,5887.596083
Early-demographic dividend,malnutrition,2013,14.21692777
Early-demographic dividend,The world per capita GDP,2013,3367.696207
East Asia & Pacific ,malnutrition,2013,9.672762812
East Asia & Pacific ,The world per capita GDP,2013,9433.150535
Europe & Central Asia (excluding high income),malnutrition,2013,3.142694017
Europe & Central Asia (excluding high income),The world per capita GDP,2013,10633.84328
Europe & Central Asia ,malnutrition,2013,2.797594626
Europe & Central Asia ,The world per capita GDP,2013,26014.02812
Ecuador,malnutrition,2013,8.1
Ecuador,The world per capita GDP,2013,6056.330827
"Egypt, Arab Rep.",malnutrition,2013,4.4
"Egypt, Arab Rep.",The world per capita GDP,2013,3264.378787
Euro area,malnutrition,2013,2.533042842
Euro area,The world per capita GDP,2013,39142.03909
Spain,malnutrition,2013,2.5
Spain,The world per capita GDP,2013,29211.77375
Estonia,malnutrition,2013,3.1
Estonia,The world per capita GDP,2013,19072.23852
Ethiopia,malnutrition,2013,26.7
Ethiopia,The world per capita GDP,2013,499.5315721
European Union,malnutrition,2013,2.557853023
European Union,The world per capita GDP,2013,35635.2239
Finland,malnutrition,2013,2.5
Finland,The world per capita GDP,2013,49638.07713
Fiji,malnutrition,2013,4.2
Fiji,The world per capita GDP,2013,4840.693716
France,malnutrition,2013,2.5
France,The world per capita GDP,2013,42592.93409
Gabon,malnutrition,2013,8.7
Gabon,The world per capita GDP,2013,9680.824339
United Kingdom,malnutrition,2013,2.5
United Kingdom,The world per capita GDP,2013,42938.42518
Georgia,malnutrition,2013,7.7
Georgia,The world per capita GDP,2013,4341.435122
Ghana,malnutrition,2013,6.2
Ghana,The world per capita GDP,2013,2378.159512
Guinea,malnutrition,2013,15.7
Guinea,The world per capita GDP,2013,769.0039433
"Gambia, The",malnutrition,2013,9.8
"Gambia, The",The world per capita GDP,2013,696.1521248
Guinea-Bissau,malnutrition,2013,23.9
Guinea-Bissau,The world per capita GDP,2013,634.482446
Greece,malnutrition,2013,2.5
Greece,The world per capita GDP,2013,21874.8195
Guatemala,malnutrition,2013,16.3
Guatemala,The world per capita GDP,2013,3452.921679
Guyana,malnutrition,2013,8.8
Guyana,The world per capita GDP,2013,3934.865262
High income,malnutrition,2013,2.694135952
High income,The world per capita GDP,2013,42121.52473
"Hong Kong SAR, China",malnutrition,2013,2.5
"Hong Kong SAR, China",The world per capita GDP,2013,38403.77771
Honduras,malnutrition,2013,14.8
Honduras,The world per capita GDP,2013,2088.097944
Heavily indebted poor countries (HIPC),malnutrition,2013,24.24245749
Heavily indebted poor countries (HIPC),The world per capita GDP,2013,937.1300373
Croatia,malnutrition,2013,2.5
Croatia,The world per capita GDP,2013,13665.91418
Haiti,malnutrition,2013,49.6
Haiti,The world per capita GDP,2013,812.68869
Hungary,malnutrition,2013,2.5
Hungary,The world per capita GDP,2013,13668.22605
IBRD only,malnutrition,2013,10.61835609
IBRD only,The world per capita GDP,2013,5825.141611
IDA & IBRD total,malnutrition,2013,12.62868353
IDA & IBRD total,The world per capita GDP,2013,4733.183711
IDA total,malnutrition,2013,19.57194072
IDA total,The world per capita GDP,2013,1347.179597
IDA blend,malnutrition,2013,15.71933764
IDA blend,The world per capita GDP,2013,1981.713979
Indonesia,malnutrition,2013,9
Indonesia,The world per capita GDP,2013,3623.911582
IDA only,malnutrition,2013,21.81456919
IDA only,The world per capita GDP,2013,1013.073632
India,malnutrition,2013,16.9
India,The world per capita GDP,2013,1449.605912
Ireland,malnutrition,2013,2.5
Ireland,The world per capita GDP,2013,51590.18845
"Iran, Islamic Rep.",malnutrition,2013,5.4
"Iran, Islamic Rep.",The world per capita GDP,2013,6111.440608
Iceland,malnutrition,2013,2.5
Iceland,The world per capita GDP,2013,49522.23697
Israel,malnutrition,2013,2.5
Israel,The world per capita GDP,2013,36344.31551
Italy,malnutrition,2013,2.5
Italy,The world per capita GDP,2013,35370.27526
Jamaica,malnutrition,2013,9.3
Jamaica,The world per capita GDP,2013,4964.832794
Jordan,malnutrition,2013,10.4
Jordan,The world per capita GDP,2013,3952.340311
Japan,malnutrition,2013,2.5
Japan,The world per capita GDP,2013,40454.44746
Kazakhstan,malnutrition,2013,2.5
Kazakhstan,The world per capita GDP,2013,13890.63177
Kenya,malnutrition,2013,22.3
Kenya,The world per capita GDP,2013,1210.388014
Kyrgyz Republic,malnutrition,2013,6.9
Kyrgyz Republic,The world per capita GDP,2013,1282.437162
Cambodia,malnutrition,2013,18.4
Cambodia,The world per capita GDP,2013,1013.420401
Kiribati,malnutrition,2013,3.2
Kiribati,The world per capita GDP,2013,1715.765331
"Korea, Rep.",malnutrition,2013,2.5
"Korea, Rep.",The world per capita GDP,2013,25890.01867
Kuwait,malnutrition,2013,2.5
Kuwait,The world per capita GDP,2013,49388.1094
Latin America & Caribbean (excluding high income),malnutrition,2013,6.498601554
Latin America & Caribbean (excluding high income),The world per capita GDP,2013,9927.199022
Lao PDR,malnutrition,2013,17.8
Lao PDR,The world per capita GDP,2013,1825.665113
Lebanon,malnutrition,2013,9.4
Lebanon,The world per capita GDP,2013,7923.851717
Liberia,malnutrition,2013,38.5
Liberia,The world per capita GDP,2013,721.9300554
Latin America & Caribbean,malnutrition,2013,6.415516301
Latin America & Caribbean,The world per capita GDP,2013,10316.48882
Least developed countries: UN classification,malnutrition,2013,22.90859076
Least developed countries: UN classification,The world per capita GDP,2013,994.3154133
Low income,malnutrition,2013,26.50381087
Low income,The world per capita GDP,2013,783.1790758
Sri Lanka,malnutrition,2013,11.1
Sri Lanka,The world per capita GDP,2013,3610.289363
Lower middle income,malnutrition,2013,15.04755064
Lower middle income,The world per capita GDP,2013,1962.132293
Low & middle income,malnutrition,2013,12.84666895
Low & middle income,The world per capita GDP,2013,4608.142466
Lesotho,malnutrition,2013,13.1
Lesotho,The world per capita GDP,2013,1245.247919
Late-demographic dividend,malnutrition,2013,8.418320813
Late-demographic dividend,The world per capita GDP,2013,8546.653305
Lithuania,malnutrition,2013,2.5
Lithuania,The world per capita GDP,2013,15693.78673
Luxembourg,malnutrition,2013,2.5
Luxembourg,The world per capita GDP,2013,113625.1329
Latvia,malnutrition,2013,2.5
Latvia,The world per capita GDP,2013,15032.28201
"Macao SAR, China",malnutrition,2013,12.2
"Macao SAR, China",The world per capita GDP,2013,89287.45402
Morocco,malnutrition,2013,4.2
Morocco,The world per capita GDP,2013,3121.681176
Madagascar,malnutrition,2013,35.7
Madagascar,The world per capita GDP,2013,461.7209205
Maldives,malnutrition,2013,11.1
Maldives,The world per capita GDP,2013,7928.457365
Middle East & North Africa,malnutrition,2013,8.4289465
Middle East & North Africa,The world per capita GDP,2013,8667.951716
Mexico,malnutrition,2013,4.3
Mexico,The world per capita GDP,2013,10725.18332
Middle income,malnutrition,2013,11.60319417
Middle income,The world per capita GDP,2013,5050.445776
North Macedonia,malnutrition,2013,4.4
North Macedonia,The world per capita GDP,2013,5210.67583
Mali,malnutrition,2013,5.9
Mali,The world per capita GDP,2013,805.2596685
Malta,malnutrition,2013,2.5
Malta,The world per capita GDP,2013,23830.93706
Myanmar,malnutrition,2013,12.9
Myanmar,The world per capita GDP,2013,1162.33144
Middle East & North Africa (excluding high income),malnutrition,2013,9.088218234
Middle East & North Africa (excluding high income),The world per capita GDP,2013,4623.352411
Mongolia,malnutrition,2013,16.7
Mongolia,The world per capita GDP,2013,4366.075901
Mozambique,malnutrition,2013,26.6
Mozambique,The world per capita GDP,2013,626.6977558
Mauritania,malnutrition,2013,7.1
Mauritania,The world per capita GDP,2013,1477.361539
Mauritius,malnutrition,2013,5.6
Mauritius,The world per capita GDP,2013,9637.00265
Malawi,malnutrition,2013,19
Malawi,The world per capita GDP,2013,348.4302696
Malaysia,malnutrition,2013,3.2
Malaysia,The world per capita GDP,2013,10970.12328
North America,malnutrition,2013,2.5
North America,The world per capita GDP,2013,53052.79008
Namibia,malnutrition,2013,32
Namibia,The world per capita GDP,2013,5694.082634
Niger,malnutrition,2013,10.4
Niger,The world per capita GDP,2013,414.3886131
Nigeria,malnutrition,2013,7.8
Nigeria,The world per capita GDP,2013,2998.072843
Nicaragua,malnutrition,2013,17.9
Nicaragua,The world per capita GDP,2013,1811.638036
Netherlands,malnutrition,2013,2.5
Netherlands,The world per capita GDP,2013,52184.06185
Norway,malnutrition,2013,2.5
Norway,The world per capita GDP,2013,103059.2482
Nepal,malnutrition,2013,9
Nepal,The world per capita GDP,2013,715.923743
New Zealand,malnutrition,2013,2.5
New Zealand,The world per capita GDP,2013,42949.14223
OECD members,malnutrition,2013,2.692092787
OECD members,The world per capita GDP,2013,38444.47944
Oman,malnutrition,2013,5.1
Oman,The world per capita GDP,2013,20926.55405
Other small states,malnutrition,2013,15.45504425
Other small states,The world per capita GDP,2013,15705.66055
Pakistan,malnutrition,2013,21
Pakistan,The world per capita GDP,2013,1208.90431
Panama,malnutrition,2013,9.8
Panama,The world per capita GDP,2013,11889.12763
Peru,malnutrition,2013,9.2
Peru,The world per capita GDP,2013,6756.752769
Philippines,malnutrition,2013,14.2
Philippines,The world per capita GDP,2013,2749.386636
Poland,malnutrition,2013,2.5
Poland,The world per capita GDP,2013,13781.06261
Pre-demographic dividend,malnutrition,2013,20.48302333
Pre-demographic dividend,The world per capita GDP,2013,1789.071845
Portugal,malnutrition,2013,2.5
Portugal,The world per capita GDP,2013,21618.73534
Paraguay,malnutrition,2013,12.1
Paraguay,The world per capita GDP,2013,5926.832863
Pacific island small states,malnutrition,2013,6.784056902
Pacific island small states,The world per capita GDP,2013,3676.08082
Post-demographic dividend,malnutrition,2013,2.522442854
Post-demographic dividend,The world per capita GDP,2013,42297.68678
Romania,malnutrition,2013,2.5
Romania,The world per capita GDP,2013,9555.244217
Russian Federation,malnutrition,2013,2.5
Russian Federation,The world per capita GDP,2013,16007.08999
Rwanda,malnutrition,2013,32.9
Rwanda,The world per capita GDP,2013,704.9801594
South Asia,malnutrition,2013,17.29017784
South Asia,The world per capita GDP,2013,1381.881309
Saudi Arabia,malnutrition,2013,5.4
Saudi Arabia,The world per capita GDP,2013,24844.74437
Senegal,malnutrition,2013,13.5
Senegal,The world per capita GDP,2013,1375.678754
Solomon Islands,malnutrition,2013,12.8
Solomon Islands,The world per capita GDP,2013,1977.451411
Sierra Leone,malnutrition,2013,22.6
Sierra Leone,The world per capita GDP,2013,716.8353047
El Salvador,malnutrition,2013,11.5
El Salvador,The world per capita GDP,2013,3509.531493
Sub-Saharan Africa (excluding high income),malnutrition,2013,19.80994512
Sub-Saharan Africa (excluding high income),The world per capita GDP,2013,1843.34454
Sub-Saharan Africa,malnutrition,2013,19.80994512
Sub-Saharan Africa,The world per capita GDP,2013,1844.577249
Small states,malnutrition,2013,13.32892268
Small states,The world per capita GDP,2013,13888.51918
Suriname,malnutrition,2013,8.2
Suriname,The world per capita GDP,2013,9402.233137
Slovak Republic,malnutrition,2013,3.8
Slovak Republic,The world per capita GDP,2013,18191.61279
Slovenia,malnutrition,2013,2.5
Slovenia,The world per capita GDP,2013,23357.9392
Sweden,malnutrition,2013,2.5
Sweden,The world per capita GDP,2013,60347.68749
Eswatini,malnutrition,2013,22.7
Eswatini,The world per capita GDP,2013,4196.309733
Chad,malnutrition,2013,36.9
Chad,The world per capita GDP,2013,979.5339592
East Asia & Pacific (IDA & IBRD countries),malnutrition,2013,10.09680213
East Asia & Pacific (IDA & IBRD countries),The world per capita GDP,2013,5950.187377
Europe & Central Asia (IDA & IBRD countries),malnutrition,2013,3.080150683
Europe & Central Asia (IDA & IBRD countries),The world per capita GDP,2013,10929.83092
Togo,malnutrition,2013,18.3
Togo,The world per capita GDP,2013,621.2222598
Thailand,malnutrition,2013,8.2
Thailand,The world per capita GDP,2013,6168.264895
Tajikistan,malnutrition,2013,4.8
Tajikistan,The world per capita GDP,2013,1048.227293
Latin America & the Caribbean (IDA & IBRD countries),malnutrition,2013,6.490948285
Latin America & the Caribbean (IDA & IBRD countries),The world per capita GDP,2013,10237.80717
Timor-Leste,malnutrition,2013,26.5
Timor-Leste,The world per capita GDP,2013,4888.317123
Middle East & North Africa (IDA & IBRD countries),malnutrition,2013,9.088218234
Middle East & North Africa (IDA & IBRD countries),The world per capita GDP,2013,4641.495942
Sub-Saharan Africa (IDA & IBRD countries),malnutrition,2013,19.80994512
Sub-Saharan Africa (IDA & IBRD countries),The world per capita GDP,2013,1844.577249
Trinidad and Tobago,malnutrition,2013,6.8
Trinidad and Tobago,The world per capita GDP,2013,20026.78753
Tunisia,malnutrition,2013,4.5
Tunisia,The world per capita GDP,2013,4222.703245
Turkey,malnutrition,2013,2.5
Turkey,The world per capita GDP,2013,12519.39143
Tanzania,malnutrition,2013,32.4
Tanzania,The world per capita GDP,2013,970.4169384
Uganda,malnutrition,2013,33.4
Uganda,The world per capita GDP,2013,689.1548142
Ukraine,malnutrition,2013,2.5
Ukraine,The world per capita GDP,2013,4029.715504
Upper middle income,malnutrition,2013,7.821780185
Upper middle income,The world per capita GDP,2013,8448.564499
Uruguay,malnutrition,2013,2.5
Uruguay,The world per capita GDP,2013,16973.67421
United States,malnutrition,2013,2.5
United States,The world per capita GDP,2013,53106.90977
Uzbekistan,malnutrition,2013,6.9
Uzbekistan,The world per capita GDP,2013,6639.621791
St. Vincent and the Grenadines,malnutrition,2013,5.7
St. Vincent and the Grenadines,The world per capita GDP,2013,1907.561704
Vietnam,malnutrition,2013,11.4
Vietnam,The world per capita GDP,2013,1886.671896
Vanuatu,malnutrition,2013,6.5
Vanuatu,The world per capita GDP,2013,3124.233078
World,malnutrition,2013,11.1
World,The world per capita GDP,2013,10764.19177
Samoa,malnutrition,2013,2.9
Samoa,The world per capita GDP,2013,4219.909738
"Yemen, Rep.",malnutrition,2013,28.2
"Yemen, Rep.",The world per capita GDP,2013,1607.152275
South Africa,malnutrition,2013,4.8
South Africa,The world per capita GDP,2013,6829.020465
Zambia,malnutrition,2013,46.2
Zambia,The world per capita GDP,2013,1878.903489
Zimbabwe,malnutrition,2013,44.1
Zimbabwe,The world per capita GDP,2013,1430.000818
Angola,malnutrition,2017,25
Angola,The world per capita GDP,2017,4095.812942
Albania,malnutrition,2017,6.2
Albania,The world per capita GDP,2017,4532.889198
Arab World,malnutrition,2017,11.85445269
Arab World,The world per capita GDP,2017,6285.215228
United Arab Emirates,malnutrition,2017,2.6
United Arab Emirates,The world per capita GDP,2017,40325.382
Argentina,malnutrition,2017,4.6
Argentina,The world per capita GDP,2017,14591.86338
Armenia,malnutrition,2017,4.3
Armenia,The world per capita GDP,2017,3914.501268
Australia,malnutrition,2017,2.5
Australia,The world per capita GDP,2017,54093.60219
Austria,malnutrition,2017,2.5
Austria,The world per capita GDP,2017,47380.82964
Azerbaijan,malnutrition,2017,2.5
Azerbaijan,The world per capita GDP,2017,4147.089716
Belgium,malnutrition,2017,2.5
Belgium,The world per capita GDP,2017,43507.2382
Benin,malnutrition,2017,10.1
Benin,The world per capita GDP,2017,827.4298101
Burkina Faso,malnutrition,2017,20
Burkina Faso,The world per capita GDP,2017,642.0404265
Bangladesh,malnutrition,2017,14.7
Bangladesh,The world per capita GDP,2017,1563.994082
Bulgaria,malnutrition,2017,3.6
Bulgaria,The world per capita GDP,2017,8228.01157
Bosnia and Herzegovina,malnutrition,2017,2.5
Bosnia and Herzegovina,The world per capita GDP,2017,5394.59122
Belarus,malnutrition,2017,2.5
Belarus,The world per capita GDP,2017,5761.74712
Belize,malnutrition,2017,7.5
Belize,The world per capita GDP,2017,4956.808039
Bolivia,malnutrition,2017,17.1
Bolivia,The world per capita GDP,2017,3351.124053
Brazil,malnutrition,2017,2.5
Brazil,The world per capita GDP,2017,9880.946543
Barbados,malnutrition,2017,3.9
Barbados,The world per capita GDP,2017,16327.60723
Brunei Darussalam,malnutrition,2017,3.2
Brunei Darussalam,The world per capita GDP,2017,28572.10942
Botswana,malnutrition,2017,26.4
Botswana,The world per capita GDP,2017,7893.675933
Central African Republic,malnutrition,2017,59.6
Central African Republic,The world per capita GDP,2017,471.6032278
Canada,malnutrition,2017,2.5
Canada,The world per capita GDP,2017,45069.92725
Central Europe and the Baltics,malnutrition,2017,2.628537584
Central Europe and the Baltics,The world per capita GDP,2017,14167.6491
Switzerland,malnutrition,2017,2.5
Switzerland,The world per capita GDP,2017,80333.44494
Chile,malnutrition,2017,2.7
Chile,The world per capita GDP,2017,15037.35011
China,malnutrition,2017,8.6
China,The world per capita GDP,2017,8759.041578
Cote d'Ivoire,malnutrition,2017,19
Cote d'Ivoire,The world per capita GDP,2017,1557.182948
Cameroon,malnutrition,2017,9.9
Cameroon,The world per capita GDP,2017,1421.587492
"Congo, Rep.",malnutrition,2017,40.3
"Congo, Rep.",The world per capita GDP,2017,1702.571349
Colombia,malnutrition,2017,4.8
Colombia,The world per capita GDP,2017,6375.932063
Cabo Verde,malnutrition,2017,12.6
Cabo Verde,The world per capita GDP,2017,3295.341106
Costa Rica,malnutrition,2017,4.8
Costa Rica,The world per capita GDP,2017,11752.5436
Caribbean small states,malnutrition,2017,7.25467676
Caribbean small states,The world per capita GDP,2017,9442.912794
Cuba,malnutrition,2017,2.5
Cuba,The world per capita GDP,2017,8541.210673
Cyprus,malnutrition,2017,5.6
Cyprus,The world per capita GDP,2017,25760.7627
Czech Republic,malnutrition,2017,2.5
Czech Republic,The world per capita GDP,2017,20379.89604
Germany,malnutrition,2017,2.5
Germany,The world per capita GDP,2017,44681.08258
Djibouti,malnutrition,2017,18.9
Djibouti,The world per capita GDP,2017,1953.903502
Dominica,malnutrition,2017,6.2
Dominica,The world per capita GDP,2017,6951.303542
Denmark,malnutrition,2017,2.5
Denmark,The world per capita GDP,2017,57218.85485
Dominican Republic,malnutrition,2017,9.5
Dominican Republic,The world per capita GDP,2017,7222.554044
Algeria,malnutrition,2017,3.9
Algeria,The world per capita GDP,2017,4048.285258
East Asia & Pacific (excluding high income),malnutrition,2017,9.351847506
East Asia & Pacific (excluding high income),The world per capita GDP,2017,7081.776379
Early-demographic dividend,malnutrition,2017,12.96767736
Early-demographic dividend,The world per capita GDP,2017,3545.022221
East Asia & Pacific ,malnutrition,2017,8.649645234
East Asia & Pacific ,The world per capita GDP,2017,10332.83226
Europe & Central Asia (excluding high income),malnutrition,2017,3.199682623
Europe & Central Asia (excluding high income),The world per capita GDP,2017,7979.76034
Europe & Central Asia ,malnutrition,2017,2.821977557
Europe & Central Asia ,The world per capita GDP,2017,23517.20535
Ecuador,malnutrition,2017,7.9
Ecuador,The world per capita GDP,2017,6213.501276
"Egypt, Arab Rep.",malnutrition,2017,4.5
"Egypt, Arab Rep.",The world per capita GDP,2017,2440.510173
Euro area,malnutrition,2017,2.526612599
Euro area,The world per capita GDP,2017,37047.77561
Spain,malnutrition,2017,2.5
Spain,The world per capita GDP,2017,28208.26105
Estonia,malnutrition,2017,2.9
Estonia,The world per capita GDP,2017,20200.37559
Ethiopia,malnutrition,2017,20.6
Ethiopia,The world per capita GDP,2017,768.0104163
European Union,malnutrition,2017,2.532922892
European Union,The world per capita GDP,2017,33873.285
Finland,malnutrition,2017,2.5
Finland,The world per capita GDP,2017,45809.97338
Fiji,malnutrition,2017,3.7
Fiji,The world per capita GDP,2017,6006.360622
France,malnutrition,2017,2.5
France,The world per capita GDP,2017,38679.12715
Gabon,malnutrition,2017,10.5
Gabon,The world per capita GDP,2017,7212.535744
United Kingdom,malnutrition,2017,2.5
United Kingdom,The world per capita GDP,2017,39932.06029
Georgia,malnutrition,2017,7.9
Georgia,The world per capita GDP,2017,4045.41705
Ghana,malnutrition,2017,5.5
Ghana,The world per capita GDP,2017,2025.885857
Guinea,malnutrition,2017,16.5
Guinea,The world per capita GDP,2017,821.6514609
"Gambia, The",malnutrition,2017,10.2
"Gambia, The",The world per capita GDP,2017,672.7805341
Guinea-Bissau,malnutrition,2017,28
Guinea-Bissau,The world per capita GDP,2017,736.7255662
Greece,malnutrition,2017,2.5
Greece,The world per capita GDP,2017,18883.46007
Guatemala,malnutrition,2017,15.2
Guatemala,The world per capita GDP,2017,4470.610798
Guyana,malnutrition,2017,8.1
Guyana,The world per capita GDP,2017,4586.054572
High income,malnutrition,2017,2.713286032
High income,The world per capita GDP,2017,42350.05631
"Hong Kong SAR, China",malnutrition,2017,2.5
"Hong Kong SAR, China",The world per capita GDP,2017,46220.50455
Honduras,malnutrition,2017,12.9
Honduras,The world per capita GDP,2017,2432.935364
Heavily indebted poor countries (HIPC),malnutrition,2017,24.32623456
Heavily indebted poor countries (HIPC),The world per capita GDP,2017,991.9852918
Croatia,malnutrition,2017,2.5
Croatia,The world per capita GDP,2017,13383.6835
Haiti,malnutrition,2017,49.3
Haiti,The world per capita GDP,2017,765.6139847
Hungary,malnutrition,2017,2.5
Hungary,The world per capita GDP,2017,14278.8745
IBRD only,malnutrition,2017,9.483134367
IBRD only,The world per capita GDP,2017,6052.038611
IDA & IBRD total,malnutrition,2017,12.06243734
IDA & IBRD total,The world per capita GDP,2017,4859.047841
IDA total,malnutrition,2017,20.51702939
IDA total,The world per capita GDP,2017,1345.833462
IDA blend,malnutrition,2017,18.30005169
IDA blend,The world per capita GDP,2017,1733.460499
Indonesia,malnutrition,2017,8.3
Indonesia,The world per capita GDP,2017,3836.913814
IDA only,malnutrition,2017,21.81179502
IDA only,The world per capita GDP,2017,1148.309578
India,malnutrition,2017,14.5
India,The world per capita GDP,2017,1981.499045
Ireland,malnutrition,2017,2.5
Ireland,The world per capita GDP,2017,69649.88274
"Iran, Islamic Rep.",malnutrition,2017,4.9
"Iran, Islamic Rep.",The world per capita GDP,2017,5627.749268
Iceland,malnutrition,2017,2.5
Iceland,The world per capita GDP,2017,71314.7742
Israel,malnutrition,2017,2.5
Israel,The world per capita GDP,2017,40543.58417
Italy,malnutrition,2017,2.5
Italy,The world per capita GDP,2017,32155.20587
Jamaica,malnutrition,2017,8
Jamaica,The world per capita GDP,2017,5060.544924
Jordan,malnutrition,2017,12.2
Jordan,The world per capita GDP,2017,4168.641604
Japan,malnutrition,2017,2.5
Japan,The world per capita GDP,2017,38331.9794
Kazakhstan,malnutrition,2017,2.5
Kazakhstan,The world per capita GDP,2017,9030.318806
Kenya,malnutrition,2017,29.4
Kenya,The world per capita GDP,2017,1568.201541
Kyrgyz Republic,malnutrition,2017,7.1
Kyrgyz Republic,The world per capita GDP,2017,1242.769643
Cambodia,malnutrition,2017,16.4
Cambodia,The world per capita GDP,2017,1385.25998
Kiribati,malnutrition,2017,2.7
Kiribati,The world per capita GDP,2017,1625.57597
"Korea, Rep.",malnutrition,2017,2.5
"Korea, Rep.",The world per capita GDP,2017,29742.83886
Kuwait,malnutrition,2017,2.8
Kuwait,The world per capita GDP,2017,29474.54143
Latin America & Caribbean (excluding high income),malnutrition,2017,6.647601885
Latin America & Caribbean (excluding high income),The world per capita GDP,2017,8959.802025
Lao PDR,malnutrition,2017,16.5
Lao PDR,The world per capita GDP,2017,2423.846203
Lebanon,malnutrition,2017,11
Lebanon,The world per capita GDP,2017,7838.343385
Liberia,malnutrition,2017,37.2
Liberia,The world per capita GDP,2017,698.7017644
Latin America & Caribbean,malnutrition,2017,6.527447292
Latin America & Caribbean,The world per capita GDP,2017,9397.620709
Least developed countries: UN classification,malnutrition,2017,22.8175828
Least developed countries: UN classification,The world per capita GDP,2017,1093.811323
Low income,malnutrition,2017,27.71196196
Low income,The world per capita GDP,2017,767.8929041
Sri Lanka,malnutrition,2017,9
Sri Lanka,The world per capita GDP,2017,4104.630983
Lower middle income,malnutrition,2017,13.98828187
Lower middle income,The world per capita GDP,2017,2187.498829
Low & middle income,malnutrition,2017,12.29506739
Low & middle income,The world per capita GDP,2017,4743.185613
Lesotho,malnutrition,2017,13.1
Lesotho,The world per capita GDP,2017,1232.786919
Late-demographic dividend,malnutrition,2017,7.435957304
Late-demographic dividend,The world per capita GDP,2017,8944.752137
Lithuania,malnutrition,2017,2.5
Lithuania,The world per capita GDP,2017,16809.64826
Luxembourg,malnutrition,2017,2.5
Luxembourg,The world per capita GDP,2017,104498.7387
Latvia,malnutrition,2017,2.5
Latvia,The world per capita GDP,2017,15684.55852
"Macao SAR, China",malnutrition,2017,11.2
"Macao SAR, China",The world per capita GDP,2017,81208.88207
Morocco,malnutrition,2017,3.4
Morocco,The world per capita GDP,2017,3036.171062
Madagascar,malnutrition,2017,44.4
Madagascar,The world per capita GDP,2017,448.4007965
Maldives,malnutrition,2017,10.3
Maldives,The world per capita GDP,2017,9801.624542
Middle East & North Africa,malnutrition,2017,9.464747246
Middle East & North Africa,The world per capita GDP,2017,7422.027903
Mexico,malnutrition,2017,3.6
Mexico,The world per capita GDP,2017,9281.101483
Middle income,malnutrition,2017,10.80498996
Middle income,The world per capita GDP,2017,5229.031764
North Macedonia,malnutrition,2017,3.2
North Macedonia,The world per capita GDP,2017,5417.642019
Mali,malnutrition,2017,6.3
Mali,The world per capita GDP,2017,828.6132202
Malta,malnutrition,2017,2.5
Malta,The world per capita GDP,2017,27241.09064
Myanmar,malnutrition,2017,10.6
Myanmar,The world per capita GDP,2017,1249.828757
Middle East & North Africa (excluding high income),malnutrition,2017,10.1730698
Middle East & North Africa (excluding high income),The world per capita GDP,2017,3817.686174
Mongolia,malnutrition,2017,13.4
Mongolia,The world per capita GDP,2017,3671.948419
Mozambique,malnutrition,2017,27.9
Mozambique,The world per capita GDP,2017,441.6178369
Mauritania,malnutrition,2017,10.4
Mauritania,The world per capita GDP,2017,1161.785457
Mauritius,malnutrition,2017,6.5
Mauritius,The world per capita GDP,2017,10484.90836
Malawi,malnutrition,2017,17.5
Malawi,The world per capita GDP,2017,356.7175732
Malaysia,malnutrition,2017,2.5
Malaysia,The world per capita GDP,2017,10117.56903
North America,malnutrition,2017,2.5
North America,The world per capita GDP,2017,58434.03088
Namibia,malnutrition,2017,27.3
Namibia,The world per capita GDP,2017,5646.456007
Niger,malnutrition,2017,16.5
Niger,The world per capita GDP,2017,375.8694897
Nigeria,malnutrition,2017,13.4
Nigeria,The world per capita GDP,2017,1968.559588
Nicaragua,malnutrition,2017,17
Nicaragua,The world per capita GDP,2017,2168.19124
Netherlands,malnutrition,2017,2.5
Netherlands,The world per capita GDP,2017,48554.99228
Norway,malnutrition,2017,2.5
Norway,The world per capita GDP,2017,75704.2487
Nepal,malnutrition,2017,8.7
Nepal,The world per capita GDP,2017,900.5739036
New Zealand,malnutrition,2017,2.5
New Zealand,The world per capita GDP,2017,42260.12518
OECD members,malnutrition,2017,2.61292123
OECD members,The world per capita GDP,2017,38411.37254
Oman,malnutrition,2017,6.8
Oman,The world per capita GDP,2017,15170.35174
Other small states,malnutrition,2017,15.47277463
Other small states,The world per capita GDP,2017,13422.24394
Pakistan,malnutrition,2017,20.3
Pakistan,The world per capita GDP,2017,1466.843096
Panama,malnutrition,2017,10
Panama,The world per capita GDP,2017,15166.12443
Peru,malnutrition,2017,9.7
Peru,The world per capita GDP,2017,6700.81138
Philippines,malnutrition,2017,13.3
Philippines,The world per capita GDP,2017,2981.934151
Poland,malnutrition,2017,2.5
Poland,The world per capita GDP,2017,13861.05156
Pre-demographic dividend,malnutrition,2017,23.20885365
Pre-demographic dividend,The world per capita GDP,2017,1458.126344
Portugal,malnutrition,2017,2.5
Portugal,The world per capita GDP,2017,21291.43099
Paraguay,malnutrition,2017,10.7
Paraguay,The world per capita GDP,2017,5680.580768
Pacific island small states,malnutrition,2017,5.595726997
Pacific island small states,The world per capita GDP,2017,4080.526197
Post-demographic dividend,malnutrition,2017,2.553104091
Post-demographic dividend,The world per capita GDP,2017,42725.2277
Romania,malnutrition,2017,2.5
Romania,The world per capita GDP,2017,10792.95628
Russian Federation,malnutrition,2017,2.5
Russian Federation,The world per capita GDP,2017,10750.58712
Rwanda,malnutrition,2017,36.8
Rwanda,The world per capita GDP,2017,762.4991636
South Asia,malnutrition,2017,15.34415714
South Asia,The world per capita GDP,2017,1867.272248
Saudi Arabia,malnutrition,2017,7.1
Saudi Arabia,The world per capita GDP,2017,20803.74257
Senegal,malnutrition,2017,11.3
Senegal,The world per capita GDP,2017,1367.218948
Solomon Islands,malnutrition,2017,8.9
Solomon Islands,The world per capita GDP,2017,2077.126038
Sierra Leone,malnutrition,2017,25.6
Sierra Leone,The world per capita GDP,2017,499.3807078
El Salvador,malnutrition,2017,9
El Salvador,The world per capita GDP,2017,3902.237622
Sub-Saharan Africa (excluding high income),malnutrition,2017,21.350403
Sub-Saharan Africa (excluding high income),The world per capita GDP,2017,1598.050477
Sub-Saharan Africa,malnutrition,2017,21.350403
Sub-Saharan Africa,The world per capita GDP,2017,1599.336187
Small states,malnutrition,2017,13.12349641
Small states,The world per capita GDP,2017,12125.16296
Suriname,malnutrition,2017,8.5
Suriname,The world per capita GDP,2017,5379.119415
Slovak Republic,malnutrition,2017,3.4
Slovak Republic,The world per capita GDP,2017,17579.2594
Slovenia,malnutrition,2017,2.5
Slovenia,The world per capita GDP,2017,23449.57452
Sweden,malnutrition,2017,2.5
Sweden,The world per capita GDP,2017,53253.47664
Eswatini,malnutrition,2017,20.6
Eswatini,The world per capita GDP,2017,3941.900457
Chad,malnutrition,2017,37.5
Chad,The world per capita GDP,2017,664.3033157
East Asia & Pacific (IDA & IBRD countries),malnutrition,2017,8.871136307
East Asia & Pacific (IDA & IBRD countries),The world per capita GDP,2017,7156.320319
Europe & Central Asia (IDA & IBRD countries),malnutrition,2017,3.133272567
Europe & Central Asia (IDA & IBRD countries),The world per capita GDP,2017,8516.291877
Togo,malnutrition,2017,16.1
Togo,The world per capita GDP,2017,619.066371
Thailand,malnutrition,2017,7.8
Thailand,The world per capita GDP,2017,6578.188865
Tajikistan,malnutrition,2017,5.4
Tajikistan,The world per capita GDP,2017,806.0415731
Latin America & the Caribbean (IDA & IBRD countries),malnutrition,2017,6.60243721
Latin America & the Caribbean (IDA & IBRD countries),The world per capita GDP,2017,9253.666484
Timor-Leste,malnutrition,2017,24.9
Timor-Leste,The world per capita GDP,2017,2000.601191
Middle East & North Africa (IDA & IBRD countries),malnutrition,2017,10.1730698
Middle East & North Africa (IDA & IBRD countries),The world per capita GDP,2017,3823.8332
Sub-Saharan Africa (IDA & IBRD countries),malnutrition,2017,21.350403
Sub-Saharan Africa (IDA & IBRD countries),The world per capita GDP,2017,1599.336187
Trinidad and Tobago,malnutrition,2017,5.5
Trinidad and Tobago,The world per capita GDP,2017,16076.08204
Tunisia,malnutrition,2017,4.3
Tunisia,The world per capita GDP,2017,3494.318864
Turkey,malnutrition,2017,2.5
Turkey,The world per capita GDP,2017,10499.74557
Tanzania,malnutrition,2017,30.7
Tanzania,The world per capita GDP,2017,1004.841121
Uganda,malnutrition,2017,41
Uganda,The world per capita GDP,2017,631.5227198
Ukraine,malnutrition,2017,3.5
Ukraine,The world per capita GDP,2017,2640.675677
Upper middle income,malnutrition,2017,7.214837731
Upper middle income,The world per capita GDP,2017,8663.27389
Uruguay,malnutrition,2017,2.5
Uruguay,The world per capita GDP,2017,16437.24487
United States,malnutrition,2017,2.5
United States,The world per capita GDP,2017,59927.92983
Uzbekistan,malnutrition,2017,6.3
Uzbekistan,The world per capita GDP,2017,7149.630866
St. Vincent and the Grenadines,malnutrition,2017,5.7
St. Vincent and the Grenadines,The world per capita GDP,2017,1826.56704
Vietnam,malnutrition,2017,9.3
Vietnam,The world per capita GDP,2017,2365.621666
Vanuatu,malnutrition,2017,7.2
Vanuatu,The world per capita GDP,2017,2976.107116
World,malnutrition,2017,10.8
World,The world per capita GDP,2017,10769.67711
Samoa,malnutrition,2017,2.7
Samoa,The world per capita GDP,2017,4307.805464
"Yemen, Rep.",malnutrition,2017,38.9
"Yemen, Rep.",The world per capita GDP,2017,963.494721
South Africa,malnutrition,2017,6.2
South Africa,The world per capita GDP,2017,6127.462297
Zambia,malnutrition,2017,46.7
Zambia,The world per capita GDP,2017,1534.865371
Zimbabwe,malnutrition,2017,51.3
Zimbabwe,The world per capita GDP,2017,1602.403507
